region_norm,mapped_normalized_name
Region 1,aldrin es
Region 1,armstrong es
Region 1,carson ms
Region 1,churchill road es
Region 1,clearview es
Region 1,colvin run es
Region 1,cooper ms
Region 1,crossfield es
Region 1,cunningham park es
Region 1,dogwood es
Region 1,dranesville es
Region 1,flint hill es
Region 1,forest edge es
Region 1,forestville es
Region 1,fox mill es
Region 1,great falls es
Region 1,herndon es
Region 1,herndon hs
Region 1,herndon ms
Region 1,hughes ms
Region 1,hunters woods es
Region 1,hutchison es
Region 1,lake anne es
Region 1,langley hs
Region 1,louise archer es
Region 1,madison hs
Region 1,marshall road es
Region 1,mosaic es
Region 1,navy es
Region 1,oakton es
Region 1,oakton hs
Region 1,south lakes hs
Region 1,spring hill es
Region 1,sunrise valley es
Region 1,terraset es
Region 1,thoreau ms
Region 1,vienna es
Region 1,waples mill es
Region 1,wolftrap es
Region 2,beech tree es
Region 2,belvedere es
Region 2,camelot es
Region 2,chesterbrook es
Region 2,fairhill es
Region 2,falls church hs
Region 2,franklin sherman es
Region 2,glasgow ms
Region 2,glen forest es
Region 2,graham rd es
Region 2,haycock es
Region 2,justice hs
Region 2,kent gardens es
Region 2,longfellow ms
Region 2,luther jackson ms
Region 2,mason crest es
Region 2,mclean hs
Region 2,parklawn es
Region 2,pine spring es
Region 2,sleepy hollow es
Region 2,timber lane es
Region 2,westlawn es
Region 2,woodburn es
Region 3,belle view es
Region 3,bucknell es
Region 3,bush hill es
Region 3,cameron es
Region 3,clermont es
Region 3,edison hs
Region 3,fort belvoir es primary es
Region 3,fort belvoir upper es
Region 3,fort hunt es
Region 3,franconia es
Region 3,groveton es
Region 3,hollin meadows es
Region 3,hybla valley es
Region 3,mount eagle es
Region 3,mount vernon hs
Region 3,mount vernon woods es
Region 3,riverside es
Region 3,rose hill es
Region 3,sandburg ms
Region 3,stratford landing es
Region 3,twain ms
Region 3,washington mill es
Region 3,waynewood es
Region 3,west potomac hs
Region 3,whitman ms
Region 3,woodlawn es
Region 3,woodley hills es
Region 4,bonnie brae es
Region 4,bull run es
Region 4,cardinal forest es
Region 4,centre ridge es
Region 4,centreville es
Region 4,centreville hs
Region 4,cherry run es
Region 4,colin powell es
Region 4,fairview es
Region 4,halley es
Region 4,hunt valley es
Region 4,irving ms
Region 4,keene mill es
Region 4,kings glen es
Region 4,kings park es
Region 4,lake braddock ss
Region 4,laurel hill es
Region 4,laurel ridge es
Region 4,liberty ms
Region 4,newington forest es
Region 4,oak view es
Region 4,orange hunt es
Region 4,ravensworth es
Region 4,robinson ss
Region 4,rolling valley es
Region 4,sangster es
Region 4,silverbrook es
Region 4,south county hs
Region 4,south county ms
Region 4,union mill es
Region 4,west springfield es
Region 4,west springfield hs
Region 4,white oaks es
Region 5,brookfield es
Region 5,canterbury woods es
Region 5,chantilly hs
Region 5,coates es
Region 5,cub run es
Region 5,daniels run es
Region 5,deer park es
Region 5,eagle view es
Region 5,fairfax hs
Region 5,fairfax villa es
Region 5,floris es
Region 5,franklin ms
Region 5,freedom hill es
Region 5,frost ms
Region 5,greenbriar east es
Region 5,greenbriar west es
Region 5,johnson ms
Region 5,kilmer ms
Region 5,lees corner es
Region 5,lemon road es
Region 5,little run es
Region 5,london towne es
Region 5,mantua es
Region 5,marshall hs
Region 5,mcnair es
Region 5,mcnair upper es
Region 5,oak hill es
Region 5,olde creek es
Region 5,poplar tree es
Region 5,providence es
Region 5,rocky run ms
Region 5,shrevewood es
Region 5,stenwood es
Region 5,stone ms
Region 5,virginia run es
Region 5,wakefield forest es
Region 5,westbriar es
Region 5,westfield hs
Region 5,westgate es
Region 5,willow springs es
Region 5,woodson hs
Region 6,annandale hs
Region 6,annandale terrace es
Region 6,braddock es
Region 6,bren mar park es
Region 6,columbia es
Region 6,crestwood es
Region 6,forestdale es
Region 6,garfield es
Region 6,gunston es
Region 6,hayfield es
Region 6,hayfield ss
Region 6,holmes ms
Region 6,island creek es
Region 6,jefferson hs
Region 6,key ms
Region 6,lane es
Region 6,lewis hs
Region 6,lorton station es
Region 6,lynbrook es
Region 6,north springfield es
Region 6,poe ms
Region 6,saratoga es
Region 6,springfield estates es
Region 6,weyanoke es
